STRING ID,DESCRIPTION,ENGLISH,FRENCH / FRANÇAIS,SPANISH / ESPAÑOL,GERMAN / DEUTSCH,ITALIAN / ITALIANO,PORTUGUESE / PORTUGUÊS (BR),PORTUGUESE / PORTUGUÊS (PT),RUSSIAN / РУССКИЙ,GREEK / ΕΛΛΗΝΙΚΑ,TURKISH / TÜRKÇE,DANISH / DANSK,NORWEGIAN (NB) / NORSK BOKMÅL,SWEDISH / SVENSKA,DUTCH / NEDERLANDS,POLISH / POLSKI,FINNISH / SUOMI,JAPANESE / 日本語,SIMPLIFIED CHINESE / 简体中文,TRADITIONAL CHINESE / 繁体中文,KOREAN / 한국어,CZECH / ČEŠTINA,HUNGARIAN / MAGYAR,ROMANIAN / ROMÂNĂ,THAI / ภาษาไทย,BULGARIAN / БЪЛГАРСКИ,עברית / HEBREW,MALAY / BAHASA MALAYSIA,INDONESIAN / BAHASA INDONESIA, العَرَبِيةُ / ARABIC
LANGUAGE_CODE,IETF language tag(s) without dash,enUS enGB,frFR,esES esAR esMX,deDE deCH deAT,itIT itCH,ptBR,ptPT,ruRU,elGR,trTR,daDK,noNB,svSE,nlNL,plPL,fiFI,jaJP,zhCN zhSG,zhTW zhHK zhMO,koKR,csCZ,huHU,roRO,thTH,bgBG,heIL,msMS,idID,arSA
LANGUAGE_EN,[LanguageName] in english,English,French,Spanish,German,Italian ,Portuguese (Brazil),Portuguese,Russian,Greek,Turkish,Danish,Norwegian,Swedish,Dutch,Polish,Finnish,Japanese,Simplified Chinese,Traditional Chinese,Korean,Czech,Hungarian,Romanian,Thai,Bulgarian,Hebrew,Malay,Indonesian,Arabic
LANGUAGE_DIRECTION,ltr or rtl (text direction used by game code),ltr,ltr,ltr,ltr,ltr,ltr,ltr,ltr,ltr,ltr,ltr,ltr,ltr,ltr,ltr,ltr,ltr,ltr,ltr,ltr,ltr,ltr,ltr,ltr,ltr,rtl,ltr,ltr,rtl
,,,,,,,,,,,,,,,,,,,,,,,,,,,,,,
BEGIN,,,,,,,,,,,,,,,,,,,,,,,,,,,,,,
CONTEXT_CHARACTER_CLASS,Character class,Class,Classe,Clase,Klasse,Classe,Classe,Classe,Класс,Κλάση,Sınıf,Klasse,Klasse,Klass,Klasse,Klasa,Luokka,クラス,类,角色類,직업,Třída,Osztály,Clasă,คลาส,Клас,טיפוס,,,
CONTEXT_CHARACTER_DELETE,,Delete Character,Supprimer personnage,Eliminar personaje,Character löschen,Cancella personaggio,Deletar Personagem,Apagar personagem,Удалить персонажа,Διαγραφή Χαρακτήρα,Karakteri Sil,Slet karakter,Slett karakter,Radera karaktär,Verwijder Personage,Usuń postać,Poista hahmo,キャラクター削除,删除角色,刪除角色,캐릭터 지우기,Smazat postavu,Karakter törlése,Șterge personaj,ลบตัวละคร,Изтрий персонаж,למחוק דמות,,,
CONTEXT_CHARACTER_NEW,Typically used in rpgs/mmorpgs,New Character,Nouveau personnage,Nuevo personaje,Neuer Charakter,Nuovo personaggio,Novo Personagem,Nova personagem,Новый персонаж,Δημιουργία Χαρακτήρα,Yeni Karakter,Ny karakter,Ny karakter,Ny karaktär,Nieuw Personage,Nowa postać,Uusi hahmo,新規キャラクター,创新角色,創新角色,캐릭터 만들기,Nová postava,Új karakter,Personaj nou,ตัวละครใหม่,Нов персонаж,דמות חדשה,,,
CONTEXT_CLASS_AI,,Artificial Intelligence,Intelligence Artificielle,Inteligencia Artificial,Künstliche Intelligenz,Intelligenza Artificiale,Inteligência Artificial,Inteligência Artificial,Искусственный интеллект,Τεχνιτή Νοημοσύνη,Yapay Zeka,Kunstig Intelligens,Kunstig Intelligens,Artificiell intelligens,Kunstmatige intelligentie,Sztuczna Inteligencja,Tekoäly,人工知能,人工智能,人工智能,인공지능,Umělá inteligence,Mesterséges Intelligencia,Inteligență Artificială,ปัญญาประดิษฐ์,Изкуствен интелект,בינה-מלאכותית,,,
CONTEXT_CLASS_ALIEN,,Alien,Extraterrestre,Alienígena,Alien,Alieno,Extraterrestre,Extraterrestre,Пришелец,Εξωγήινος,Uzaylı,Rumvæsen,Romvesen,Utomjording,Buitenaards wezen,Kosmita,Avaruusolio,エイリアン,外星人,外星人,외계인,Mimozemšťan,Idegen,Extraterestru,เอเลี่ยน,Извънземно,חייזר,,,
CONTEXT_CLASS_CLONE,,Clone,Clone,Clon,Klon,Clone,Clone,Clone,Клон,Κλόνος,Klon,Klon,Klon,Klon,Kloon,Klon,Klooni,クローン,复制,複製人,복제 인간,Klon ,Klón,Clonă,โคลน,Клонинг,כפיל,,,
CONTEXT_CLASS_CYBORG,,Cyborg,Cyborg,Cyborg,Cyborg,Cyborg,Ciborgue,Ciborgue,Киборг,Cyborg,Siber,Cyborg,Cyborg,Cyborg,Cyborg,Cyborg,Kyborgi,サイボーグ,机器人,機器人,사이보그,Cyborg,Kiborg,Cyborg,ไซบอร์ก,Киборг,אדם-מכונה,,,
CONTEXT_CLASS_DEITY,,Deity,Divinité,Deidad,Gottheit,Divinità,Divindade,Divindade,Божество,Θεότητα,Tanrısal Varlık,Guddom,Guddom,Gudom,Godheid,Bóstwo,Jumalhahmo,神,神灵,神靈,신,Božstvo,Istenség,Zeitate,เทพ,Божество,ישות,,,
CONTEXT_CLASS_DEMON,,Demon,Démon,Demonio,Dämon,Demone,Demônio,Demónio,Демон,Δαίμονας,Şeytan,Dæmon,Demon,Demon,Demoon,Demon,Demoni,悪魔,魔鬼,魔鬼,악마,Démon,Démon,Demon,ปีศาจ,Демон,שד,,,
CONTEXT_CLASS_DEMONNESS,,Demonness,Démone ,Diablesa,Teuflin,Demonessa,Demônia,Demónia,Демонесса,Δαιμόνισσα,Şeytaniçe,Hundæmon,Hundemon,Demon,Demone,Demon,Demonitar,女悪魔,女魔头,女魔,악마,Démon,Démon,Demoniță,เหล่าปีศาจ,Демон,שדה,,,
CONTEXT_CLASS_DRAGON,,Dragon,Dragon,Dragón,Drache,Drago,Dragão,Dragão,Дракон,Δράκος,Ejderha,Drage,Drage,Drake,Draak,Smok,Lohikäärme,ドラゴン,龙,龍,드래곤,Drak,Sárkány,Dragon,มังกร,Дракон,דרקון,,,تنين
CONTEXT_CLASS_DRAGON_PLURAL,,Dragons,Dragons,Dragones,Drachen,Draghi,Dragões,Dragões,Драконы,Δράκοι,Ejderhalar,Drager,Drager,Drakar,Draken,Smoki,Lohikäärmeet,ドラゴン,龙,龍,드래곤,Draci,Sárkányok,Dragoni,มังกร,Дракони,דרקונים,,,تنانين
CONTEXT_CLASS_GHOST,,Ghost,Fantôme,Fantasma,Geist,Fantasma,Fantasma,Fantasma,Призрак,Φάντασμα,Hayalet,Spøgelse,Spøkelse,Spöke,Geest,Duch,Haamu,幽霊,鬼,鬼,유령,Duch,Szellem,Fantomă,ผี,Дух,רוח-רפאים,,,
CONTEXT_CLASS_GOD,,God,Dieu,Dios,Gott,Dio,Deus,Deus,Бог,Θεός,Tanrı,Gud,Gud,Gud,God,Bóg,Jumala,神,神,神,신,Bůh,Isten,Zeu,พระเจ้า,Бог,אל,,,
CONTEXT_CLASS_GOD_PLURAL,,Gods,Dieux,Dioses,Götter,Dei,Deuses,Deuses,Боги,Θεοί,Tanrılar,Guder,Guder,Gudar,Goden,Bogowie,Jumalat,神々,神,神,신,Bohové,Istenek,Zei,พระเจ้า,Богове,אלילים,,,
CONTEXT_CLASS_GODDESS,,Goddess,Déesse,Diosa,Göttin,Dea,Deusa,Deusa,Богиня,Θεά,Tanrıça,Gudinde,Gudinne,Gudinna,Godin,Bogini,Jumalatar,女神,女神,女神,여신,Bohyně,Istennő,Zeiță,เทพเจ้า,Богиня,אלילה,,,
CONTEXT_CLASS_MAGE,,Mage,Mage,Mago,Magier,Mago,Mago,Mago,Маг,Μάγος,Büyücü,Magiker,Magiker,Magiker,Magiër,Mag,Maagi,魔法使い,魔法师,魔法師,마법사,Mág,Mágus,Mag,นักเวทย์,Магьосник,קוסם,,,
CONTEXT_CLASS_MEDIC,A person involved in medicine,Medic,Medic,Médico,Mediziner,Medico,Médico,Médico,Медик,Ιατρός,Doktor,Læge,Lege,Sjukvårdare,Doctor,Medyk,Lääkintämies,メディック,军医助手,軍醫,의무관,Medik,Felcser,Medic,แพทย์,Лечител,חובש,,,
CONTEXT_CLASS_MONSTER,,Monster,Monstre,Monstruo,Monster,Mostro,Monstro,Monstro,Монстр,Τέρας,Canavar,Monster,Monster,Monster,Monster,Potwór,Hirviö,モンスター,怪兽,怪獸,괴물,Monstrum,Szörny,Monstru,สัตว์ประหลาด,Чудовище,מפלצת,,,
CONTEXT_CLASS_NINJA,,Ninja,Ninja,Ninja,Ninja,Ninja,Ninja,Ninja,Ниндзя,Νίντζα,Ninja,Ninja,Ninja,Ninja,Ninja,Ninja,Ninja,忍者,忍者,忍者,닌자,Ninja,Nindzsa,Ninja,นินจา,Нинджа,נינג'ה,,,
CONTEXT_CLASS_PIRATE,,Pirate,Pirate,Pirata,Pirat,Pirata,Pirata,Pirata,Пират,Πειρατής,Korsan,Pirat,Pirat,Pirat,Piraat,Pirat,Merirosvo,海賊,海贼,海賊,해적,Pirát,Kalóz,Pirat,โจรสลัด,Пират,פיראט,,,
CONTEXT_CLASS_PRIEST,,Priest,Prêtre,Sacerdote,Priester,Prete,Padre,Padre,Жрец,Παπάς,Rahip,Præst,Prest,Präst,Priester,Kapłan,Pappi,僧侶,祭士,祭士,사제,Kněz,Pap,Preot,นักบวช,Свещеник,כומר,,,
CONTEXT_CLASS_PRINCE,,Prince,Prince,Príncipe,Prinz,Principe,Príncipe,Princípe,Принц,Πρίγκηπας,Prens,Prins ,Prins,Prins,Prins,Książę,Prinssi,王子,王子,王子,왕자,Princ ,Herceg,Prinț,เจ้าชาย,Принц,נסיך,,,
CONTEXT_CLASS_PRINCESS,,Princess,Princesse,Princesa,Prinzessin,Principessa,Princesa,Princesa,Принцесса,Πριγκήπισσα,Prenses,Prinsesse,Prinsesse,Princessa,Prinses,Księżniczka,Prinsessa,姫,公主,公主,공주,Princezna,Hercegnő,Prințesă,เจ้าหญิง,Принцеса,נסיכה,,,
CONTEXT_CLASS_ROBOT,,Robot,Robot,Robot,Roboter,Robot,Robô,Robô,Робот,Ρομπότ,Robot,Robot,Robot,Robot,Robot,Robot,Robotti,ロボット,机器人,機器人,로봇,Robot,Robot,Robot,หุ่นยนต์,Робот,רובוט,,,
CONTEXT_CLASS_SKELETON,,Skeleton,Squelette,Esqueleto,Skelett,Scheletro,Esqueleto,Esqueleto,Скелет,Σκελετός,İskelet,Skelet,Skjelett,Skelett,Skelet,Szkielet,Luuranko,スケルトン,尸骨,屍骨,스켈레톤,Kostlivec,Csontváz,Schelet,โครงกระดูก,Скелет,שלד,,,
CONTEXT_CLASS_SNIPER,,Sniper,Sniper,Francotirador,Scharfschütze,Cecchino,Franco-atirador,Atirador furtivo,Снайпер,Σκοπευτής,Keskin Nişancı,Snigskytte,Snigskytter,Prickskytt,Sluipschutter,Snajper,Tarkka-ampuja,狙撃手,狙击射手,狙擊手,저격수,Sniper,Mesterlövész,Lunetist,นักแม่นปืน,Снайперист,צלף,,,
CONTEXT_CLASS_SOLDIER,,Soldier,Soldat,Soldado,Soldat,Soldato,Soldado,Soldado,Солдат,Στρατιώτης,Asker,Soldat,Soldat,Soldat,Soldaat,Żołnierz,Sotilas,ソルジャー,战士,戰士,군인,Voják,Katona,Soldat,ทหาร,Войник,חייל,,,
CONTEXT_CLASS_THIEF,,Thief,Voleur,Ladrón,Dieb,Ladro,Ladrão,Ladrão,Вор,Κλέφτης,Hırsız,Tyv,Tyv,Tjuv,Dief,Złodziej,Varas,盗賊,盗贼,盜賊,도둑,Zloděj,Tolvaj,Pungaș,โจร,Крадец,גנב,,,
CONTEXT_CLASS_WARRIOR,,Warrior,Guerrier,Guerrero,Krieger,Guerriero,Guerreiro,Guerreiro,Воин,Πολεμιστής,Savaşçı,Kriger,Kriger,Krigare,Krijger,Wojownik,Soturi,戦士,武士,武士,전사,Válečník,Harcos,Războinic,นักรบ,Воин,לוחם,,,
CONTEXT_CLASS_WIZARD,,Wizard,Magicier,Hechizero,Zauberer,Mago,Feiticeiro,Feiticeiro,Колдун,Μάγος,Sihirbaz,Troldmand,Trollmann,Trollkarl,Tovenaar,Czarnoksiężnik,Velho,魔術師,巫师,巫師,마법사,Kouzelník,Varázsló,Vrăjitor,ผู้วิเศษ,Вълшебник,מכשף,,,
CONTEXT_CLASS_ZOMBIE,,Zombie,Zombie,Zombi,Zombie,Zombie,Zumbi,Zombie,Зомби,Ζόμπι,Zombi,Zombie,Zombie,Zombie,Zombie,Zombie,Zombi,ゾンビ,僵尸,僵尸,좀비,Zombie,Zombi,Zombie,ซอมบี้,Зомби,זומבי,,,زومبي
CONTEXT_CLASS_ZOMBIE_PLURAL,,Zombies,Zombies,Zombis,Zombies,Zombie,Zumbis,Zombies,Зомби,Ζόμπι,Zombiler,Zombier,Zombier,Zombier,Zombies,Zombie,Zombit,ゾンビ,僵尸,僵尸,좀비,Zombíci,Zombik,Zombies,ซอมบี้,Зомбита,זומבים,,,زومبيون
CONTEXT_COMPETITION_FIRST,,First place,Première place,Primer puesto,Erster Platz,Primo posto,Primeiro Lugar,Primeiro Lugar,Первое место,Πρώτη θέση,Birinci,Førsteplads,Førsteplass,Första plats,Eerste plaats,Pierwsze miejsce,Ensimmäinen sija,一位,第一名,第一名,일등,První místo,Első hely,Primul loc,อันดับที่หนึ่ง,Първо място,מקום ראשון,,,
CONTEXT_COMPETITION_PLACE_NOUN,[Noun] What place someone came in competition,Place,Place,Puesto,Platz,Posto,Lugar,Lugar,Место,Θέση,Sıra,Plads,Plass,Plats,Plaats,Miejsce,Sija,順位,空间,名次,등수,Místo,Helyezés,Loc,อันดับ,Място,מקום,,,
CONTEXT_COMPETITION_SECOND,,Second place,Deuxième place,Segundo puesto,Zweiter Platz,Secondo posto,Segundo Lugar,Segundo Lugar,Второе место,Δεύτερη θέση,İkinci,Andenplads,Andreplass,Andra plats,Tweede plaats,Drugie miejsce,Toinen sija,二位,第二名,第二名,이등,Druhé místo,Második hely,Al doilea loc,อันดับที่สอง,Второ място,מקום שני,,,
CONTEXT_COMPETITION_THIRD,,Third place,Troisième place,Tercer puesto,Dritter Platz,Terzo posto,Terceiro Lugar,Terceiro Lugar,Третье место,Τρίτη θέση,Üçüncü,Tredjeplads,Tredjeplass,Tredje plats,Derde plaats,Trzecie miejsce,Kolmas sija,三位,第三名,第三名,삼등,Třetí místo,Harmadik hely,Al treilea loc,อันดับที่สาม,Трето място,מקום שלישי,,,
CONTEXT_CONDITION_BURNING,,Burning,En feu,En llamas,Brennender,A fuoco,Queimando,A arder,Горящий,Φλεγόμενο,Yanıyor,Brændende,Brennende,Brinnande,Brandend,Popażony,Liekeissä,炎上,燃烧,燃燒中,화상,Hořící,Égés,În flăcări,ไหม้,Горящ,שורף,,,
CONTEXT_CONDITION_CRITICAL,,Critical,Critique,Crítico,Kritischer,Critico,Estado grave,Estado grave,В критическом состоянии,Σε κρίσιμη κατάσταση,Kritik,Såret kritisk,Kritisk såret ,Svårt skadad,Kritisch,Krytyczny,Kriittinen,瀕死,瀕死,瀕死,치명상,Kritický,Kritikus,Critical,คริติคอล,В критично състояние,אנוש,,,
CONTEXT_CONDITION_DEAD,[Default male],Dead,Mort,Muerto,Toter,Morto,Morto,Morto,Мёртвый,Νεκρός,Ölü,Død,Død,Död,Dood,Martwy,Kuollut,死亡,死亡,死亡,사망,Mrtvý,Halott,Mort,ตาย,Мъртъв,מת,,,
CONTEXT_CONDITION_FROZEN,[Default male],Frozen,Gelé,Congelado,Gefrohrener,Ghiacciato,Congelado,Congelado,Заморожен,Παγωμένος,Donmuş,Frossen,Frossen,Fryst,Bevroren,Zamrożony,Jäässä,凍結,凍結,凍結,동결,Zmražený,Fagyott,Înghețat,หนาวเย็น,Замразен,קפוא,,,
CONTEXT_CONDITION_POISONED,[Default male],Poisoned,Empoisonné,Envenenado,Vergifteter,Avvelenato,Envenenado,Envenenado,Отравлен,Δηλητηρισμένος,Zehirlenmiş,Forgiftet,Forgiftet,Förgiftad,Vergiftigd,Otruty,Myrkytetty,毒,毒,中毒,중독,Otrávený,Mérgezett,Otrăvit,ติดพิษ,Отровен,מורעל,,,
CONTEXT_CONDITION_SLOWED,[Default male],Slowed,Ralenti,Ralentizado,Verlangsamter,Rallentato,Lento,Lento,Замедлен,Επιβραδυνμένος,Yavaşlamış,Langsommelig,Nedsakted,Nedsaktad,Vertraagd,Spowolniony,Hidastettu,減速,減速,減速,감속,Zpomalený,Lassított,Încetinit,ช้า,Забавен,מואט,,,
CONTEXT_CONDITION_STUNNED,[Default male],Stunned,Étourdi,Aturdido,Erstarrter,Stordito,Atordoado,Atordoado,Оглушен,Παραλυμένος,Sersemlemiş,Lamslået,Lamslått,Lamslagen,Bedwelmd,Ogłuszony,Pökerryksissä,スタン,愕然,愕然,스턴,Ohromený,Kábult,Împietrit,มึน,Зашеметен,משותק,,,
CONTEXT_CONDITION_UNCONSCIOUS,,Unconscious,Inconscient,Inconsciente,Bewusstloser,Svenuto,Desmaiado,Desmaiado,Без сознания,Αναίσθητος,Şuursuz,Ubevist,Ubevist,Omedveten,Bewusteloos,Nieprzytomny,Tajuton,気絶,失去知觉,失去知覺,기절,V bezvědomí,Eszméletlen,Inconștient,สลบ,В безсъзнание,חסר-הכרה,,,
CONTEXT_CONDITION_UNHURT,[Default male] Untouched no wounds,Unhurt,Indemne,Ileso,Unverletzter,Illeso,Ileso,Ileso,Невредимый,Αβλαβής,Yaralanmamış,Ubeskadiget,Uskadd,Oskadad,Ongedeerd,Zdrowy,Täydessä kunnossa,無傷,未受伤,未受傷,정상,Nezraněný,Sértetlen,Neatins,ไม่บาดเจ็บ,Невредим,בריא,,,
CONTEXT_CONDITION_WET,[Default male],Wet,Trempé,Mojado,Nasser,Bagnato,Molhado,Molhado,Мокрый,Βρεγμένος,Islak,Våd,Våt,Våt,Nat,Przemoczony,Märkä,濡れている,.湿,.濕,젖음,Vlhký,Nedves,Ud,เปียก,Мокър,רטוב,,,
CONTEXT_CONDITION_WOUNDED,[Default male],Wounded,Blessé,Herido,Verwundeter,Ferito,Ferido,Ferido,Раненый,Πληγωμένος,Yaralı,Såret,Såret,Skadad,Gewond,Ranny,Haavoittunut,負傷,受伤,受傷,부상,Zraněný,Sebesült,Rănit,บาดเจ็บ,Ранен,פצוע,,,
CONTEXT_DESCRIPTION_BIG,,Big,Gros,Grande,Groß,Grande,Grande,Grande,Большой,Μεγάλο,Büyük,Stor,Stor,Stor,Groot,Duży,Iso,大,大,大,대,Velký,Nagy,Mare,ใหญ่,Голям,גדול,,,
CONTEXT_DESCRIPTION_HUGE,Very large,Huge,Énorme,Enorme,Riesig,Enorme,Enorme,Enorme,Огромный,Τεράστιο,Devasa,Enorm,Enorm,Enorm,Enorm,Ogromny,Jättimäinen,巨大,极大,極大,특대,Obrovský,Hatalmas,Enorm,ใหญ่มาก,Огромен,ענק,,,
CONTEXT_DESCRIPTION_SMALL,,Small,Petit,Pequeño,Klein,Piccolo,Pequeno,Pequeno,Маленький,Μικρό,Küçük,Lille,Liten,Liten,Klein,Mały,Pieni,小,小,小,소,Malý,Kicsi,Mic,เล็ก,Малък,קטן,,,
CONTEXT_DESCRIPTION_TINY,Very small,Tiny,Minuscule,Diminuto,Winzig,Minuscolo,Muito pequeno,Muito pequeno,Крошечный,Μικροσκοπικό,Minik,Lillebitte,Bitteliten,Pytteliten,Minuscuul,Malutki,Pikkuriikkinen,極小,极小,極小,특소,Maličký,Apró,Minuscul,เล็กจิ๋ว,Миниатюрен,קטנטן,,,
CONTEXT_ELEMENT_AIR,,Air,Air,Aire,Luft,Aria,Ar,Ar,Воздух,Αέρας,Hava,Luft,Luft,Luft,Lucht,Powietrze,Ilma,風,风,風,공기,Vzduch,Levegő,Aer,ลม,Въздух,אוויר,,,
CONTEXT_ELEMENT_EARTH,,Earth,Terre,Tierra,Erde,Terra,Terra,Terra,Земля,Γή,Toprak,Jord,Jord,Jord,Aarde,Ziemia,Maa,地,地,地,땅,Země,Föld,Pământ,ดิน,Земя,אדמה,,,
CONTEXT_ELEMENT_FIRE,,Fire,Feu,Fuego,Feuer,Fuoco,Fogo,Fogo,Огонь,Φωτιά,Ateş,Ild,Ild,Eld,Vuur,Ogień,Tuli,火,火,火,불,Oheň,Tűz,Foc,ไฟ,Огън,אש,,,
CONTEXT_ELEMENT_METAL,,Metal,Métal,Metal,Metall,Metallo,Metal,Metal,Металл,Μέταλο,Metal,Metal,Metall,Metall,Metaal,Metal,Metalli,金,金,金,쇠,Kov,Fém,Metal,โลหะ,Метал,מתכת,,,
CONTEXT_ELEMENT_WATER,Magical elements,Water,Eau,Agua,Wasser,Acqua,Água,Água,Вода,Νερό,Su,Vand,Vann,Vatten,Water,Woda,Vesi,水,水,水,물,Voda,Víz,Apă,น้ำ,Вода,מים,,,
CONTEXT_GAMBLING_BET,[Infinitive verb],Bet,Miser,Apostar,Wette,Scommettere,Apostar,Aposta,Сбросить,Στοίχημα,Bahis,Sats,Sats,Satsa,Wedden,Zakład,Lyö vetoa,ベット,赌,賭,베팅하기,Sázka,Fogadás,Pariază,พนัน,Заложи,המר,,,
CONTEXT_GAMBLING_DISCARD,[Infinitive verb],Discard,Défausser,Descartar,Abbrechen,Scartare,Descartar,Descartar,Отклонить,Απέρριψε,Elden Çıkar,Kassér,Kast vekk,Kasta bort,Afleggen,Odrzuć,Hylkää,捨てる,抛弃,拋棄,포기하기,Vyřadit,Eldob,Aruncă,เอาออก,Изхвърли,בטל,,,
CONTEXT_GAMBLING_JACKPOT,Biggest possible prize,Jackpot,Jackpot,Premio gordo,Höchstgewinn,Jackpot,Bolada,Jackpot,Джекпот,Jackpot,Bingo,Jackpot,Jackpot,Jackpot,Hoofdprijs,Jackpot,Päävoitto,ジャックポット,头奖,頭獎,잭팟,Jackpot,Jackpot,Jackpot,แจ๊คพ็อต,Джакпот,כל הקופה,,,
CONTEXT_GAMBLING_MAX,Abbreviation for maximum of range,Max,Max,Máx.,Max,Max,Máx.,Max.,Макс,Max,Maks.,Maks,Maks,Max,Max,Maksymum,Maksimi,最大,最高限度,最高限度,최대,Maximálně,Max,Max,มากสุด,Макс.,מקסימום,,,
CONTEXT_GAMBLING_MIN,Abbreviation for minimum of range,Min,Min,Mín.,Min,Min,Mín.,Min.,Мин,Min,Min.,Min,Min,Min,Min,Minimum,Minimi,最低,最少限度,最低限度,최소,Minimálně,Min,Min,น้อยสุด,Мин.,מינימום,,,
CONTEXT_ITEM_ARMOR,Body armor,Armor,Armure,Armadura,Rüstung,Armatura,Armadura,Armadura,Броня,Πανοπλία,Zırh,Rustning,Rustning,Rustning,Pantser,Zbroja,Panssari,鎧,护甲,護甲,갑옷,Brnění,Páncél,Armură,ชุดเกราะ,Броня,שריון,,,الدرع
CONTEXT_ITEM_ARROW,Ammo for archers,Arrow,Flèche,Flecha,Pfeil,Freccia,Flecha,Seta,Стрела,Βέλος,Ok,Pil,Pil,Pil,Pijl,Strzała,Nuoli,矢,箭,箭,화살,Šíp,Nyílvessző,Săgeată,ลูกธนู,Стрела,חץ,,,
CONTEXT_ITEM_ARROWS,[Plural] Ammo for archers,Arrows,Flèches,Flechas,Pfeile,Frecce,Flechas,Setas,Стрелы,Βέλη,Oklar,Pile,Piler,Pilar,Pijlen,Strzały,Nuolia,矢,箭,箭,화살,Šípy,Nyílvesszők,Săgeți,ลูกธนู,Стрели,חיצים,,,
CONTEXT_ITEM_BOARD,Boardgame board,Board,Plateau de jeu,Tablero,Brett,Plancia,Tabuleiro,Tabuleiro,Доска,Ταμπλό,Tahta,Spilleplade,Bret,Bräde,Spelbord,Plansza,Lauta,盤,盘,遊戲盤,판,Deska,Tábla,Tablă de joc,บอร์ด,Дъска,לוח,,,
CONTEXT_ITEM_BOMB,,Bomb,Bombe,Bomba,Bombe,Bomba,Bomba,Bomba,Бомба,Βόμβα,Bomba,Bombe,Bombe,Bomb,Bom,Bomba,Pommi,爆弾,炸弹,炸彈,폭탄,Bomba,Bomba,Bombă,ระเบิด,Бомба,פצצה,,,
CONTEXT_ITEM_BOOK,,Book,Livre,Libro,Buch,Libro,Livro,Livro,Книга,Βιβλίο,Kitap,Bog,Bok,Bok,Boek,Książka,Kirja,本,书,書,책,Kniha,Könyv,Carte,หนังสือ,Книга,ספר,,,
CONTEXT_ITEM_BOOTS,[Plural] Boots,Boots,Bottes,Botas,Stiefel,Scarponi,Botas,Botas,Ботинки,Μπότες,Bot,Støvler,Støvler,Kängor,Schoenen,Buty,Saappaat,靴,靴,靴,신발,Boty,Csizma,Bocanci,รองเท้าบูท,Ботуши,מגפיים,,,
CONTEXT_ITEM_BOW,Used by archers,Bow,Arc,Arco,Bogen,Arco,Arco,Arco,Лук,Τόξο,Yay,Bue,Bue,Båge,Boog,Łuk,Jousi,弓,弓,弓,활,Luk,Íj,Arc,ธนู,Лък,קשת,,,
CONTEXT_ITEM_CARD,,Card,Carte,Carta,Karte,Carta,Carta,Carta,Карта,Κάρτα,Kart,Kort,Kort,Kort,Kaart,Karta,Kortti,カード,卡片,卡片,카드,Karta,Kártya,Carte,การ์ด,Карта,קלף,,,
CONTEXT_ITEM_CARD_PLURAL,,Cards,Cartes,Cartas,Karten,Carte,Cartas,Cartas,Карты,Κάρτες,Kartlar,Kort,Kort,Kort,Kaarten,Karty,Kortit,カード,卡片,卡片,카드,Karty,Kártyák,Carți,การ์ด,Карти,קלפים,,,
CONTEXT_ITEM_CHEST,Treasure not body part,Chest,Coffre,Cofre,Truhe,Cassa,Baú,Arca,Сундук,Σεντούκι,Sandık,Kiste,Kiste,Kista,Kist,Skrzynia,Kirstu,箱,箱,箱,상자,Truhla,Láda,Cufăr,หีบสมบัติ,Ковчеже,תיבה,,,
CONTEXT_ITEM_COND_MAGICAL,[Default male] usage : [item] : [type],Magic,Magique,Mágico,Magischer,Magico,Mágico,Mágico,Магический,Μαγικ*,Büyülü,Magisk,Magisk,Magisk,Magie,Magiczny,Taika,魔法の,魔法的,魔法的,마법,Magický,Varázslat,Magic,เวทย์มนต์,Магически,קסום,,,
CONTEXT_ITEM_COND_RUSTY,[Default male] usage : [item] : [type],Rusty,Rouillé,Oxidado,Rostig,Arrugginito,Enferrujado,Enferrujado,Ржавый,Σκουριασμέν*,Paslı,Rusten,Rusten,Rostig,Roestig,Zardzewiały,Ruosteinen,錆びた,生疏的,生銹的,녹슨,Rezavý ,Rozsdás,Ruginit,เก่า,Ръждясал,חלוד,,,
CONTEXT_ITEM_DAGGER,Small blade used by rogues,Dagger,Dague,Daga,Dolch,Daga,Adaga,Adaga,Кинжал,Στιλέτο,Hançer,Dagger,Dolk,Dolk,Dolk,Sztylet,Veitsi,短刀,短剑,短劍,단검,Dýka,Tőr,Pumnal,มีด,Кинжал,פיגיון,,,
CONTEXT_ITEM_DIE_NOUN,"[Noun] As in ""throw the die""",Die,Dé,Dado,Würfel,Dado,Dado,Dado,Кубик,ζάρι,Zar,Terning,Terning,Tärning,Dobbelsteen,Kość,Noppa,サイコロ,骰子,骰子,주사위,Zemřít,Kocka,Zar,ตาย,Зар,קוביה,,,
CONTEXT_ITEM_DIE_PLURAL,"[Noun] As in ""throw two dice""",Dice,Dés,Dados,Würfel,Dadi,Dados,Dados,Кубика,ζάρια,Zar,Terninger,Terninger,Träningar,Dobbelstenen,Kości,Nopat,サイコロ,骰子,骰子,주사위,Kostky,Dobókocka,Zaruri,ลูกเต๋า,Зарове,קוביות,,,
CONTEXT_ITEM_DOOR,,Door,Porte,Puerta,Tür,Porta,Porta,Porta,Дверь,Πόρτα,Kapı,Dør,Dør,Dörr,Deur,Drzwi,Ovi,扉,门,門,문,Dveře,Ajtó,Ușa,ประตู,Врата,דלת,,,
CONTEXT_ITEM_GAUNTLETS,[Plural] Heavy protective warrior's gloves,Gauntlets,Gantelets,Guanteletes,Panzerhandschuh,Guanti d'armatura,Manopla,Manopla,Рукавицы,Γάντια,Zırh Eldiveni,Stridshandsker,Stridshansker,Stridshandskar,Pantser handschoenen,Rękawica,Taisteluhansikkaat,籠手,铁手套,鐵手套,건틀릿,Rukavice,Kesztyű,Mănușă,ถุงมือเกราะ,Ръкавици,כפפות-שריון,,,
CONTEXT_ITEM_GEM,Gem or jewel,Gem,Gemme,Gema,Juwel,Gemma,Jóia,Jóia,Самоцвет,Πετράδι,Mücevher,Juvel,Juvel,Juvel,Edelsteen,Klejnot,Jalokivi,ジェム,宝石,寶石,보석,Klenot,Drágakő,Giuvaer,เพชร,Скъпоценен камък,אבן-חן,,,
CONTEXT_ITEM_GIFT_NOUN,[Noun],Gift,Cadeau,Regalo,Geschenk,Regalo,Presente,Presente,Подарок,Δώρο,Hediye,Gave,Gave,Present,Cadeau,Prezent,Lahja,ギフト,赠品,贈品,선물,Dárek,Ajándék,Cadou,ของขวัญ,Подарък,מתנה,,,
CONTEXT_ITEM_GIFT_PLURAL,,Gifts,Cadeaux,Regalos,Geschenke,Regali,Presentes,Presentes,Подарки,Δώρα,Hediyeler,Gaver,Gaver,Presenter,Cadeaus,Prezenty,Lahjat,ギフト,赠品,贈品,선물,Dárky,Ajándékok,Cadouri,ของขวัญ,Подаръци,מתנות,,,
CONTEXT_ITEM_GLOVE,[Plural] Regular gloves,Gloves,Gants,Guantes,Handschuhe,Guanti,Luvas,Luvas,Перчатки,Γάντια,Eldiven,Handsker,Hansker,Handskar,Handschoenen,Rękawiczki,Hanskat,手袋,手套,手套,장갑,Rukavice,Kesztyűk,Mănușă,ถุงมือ,Ръкавици,כפפות,,,
CONTEXT_ITEM_GUN,Generic name for any firearm,Gun,Arme,Arma,Pistole,Arma da fuoco,Arma de fogo,Arma,Огнестрельное оуржие,Οπλο,Siah,Skydevåben,Skytevåpen,Skjutvapen,Geweer,Broń,Ase,銃,枪,槍,총,Pistol,Lőfegyver,Armă,ปืน,Оръжие,רובה,,,
CONTEXT_ITEM_HAMMER,Big hammer used by medieval brutes,Hammer,Marteau,Mazo,Hammer,Martello,Martelo,Martelo,Молот,Σφυρί,Çekiç,Hammer,Hammer,Hammare,Hamer,Młot,Vasara,戦鎚,铁锤,鐵錘,철퇴,Kladivo,Kalapács,Baros,ค้อน,Чук,פטיש,,,
CONTEXT_ITEM_HELMET,Head protector specifically for warriors not athletes,Helmet,Heaume,Casco,Helm,Elmo,Elmo,Capacete,Шлем,Κράνος,Kafalık,Hjelm,Hjelm,Hjälm,Helm,Hełm,Kypärä,兜,钢盔,鋼盔,투구,Helma,Sisak,Cască,หมวกเกราะ,Шлем,קסדה,,,
CONTEXT_ITEM_KEY,,Key,Clé,Llave,Schlüssel,Chiave,Chave,Chave,Ключ,Κλειδί,Anahtar,Nøgle,Nøkel,Nyckel,Sleutel,Klucz,Avain,鍵,钥匙,鑰匙,열쇠,Klíč,Kulcs,Cheie,กุญแจ,Ключ,מפתח,,,
CONTEXT_ITEM_KNIFE,Tool for whittling and carving not just combat,Knife,Couteau,Cuchillo,Messer,Coltello,Faca,Faca,Нож,Μαχαίρι,Bıçak,Kniv,Kniv,Kniv,Mes,Nóż,Puukko,ナイフ,小刀,小刀,칼,Nůž,Kés,Cuțit,ดาบ,Нож,סכין,,,
CONTEXT_ITEM_LOCK,[Noun],Lock,Verrou,Cerradura,Schloss,Serratura,Fechadura,Fechadura,Замок,Κλειδαριά,Kilit,Lås,Lås,Lås,Slot,Zamek,Lukko,鍵,楗,鎖,자물쇠,Zámek,Zár,Broască,ล๊อค,Ключалка,מנעול,,,
CONTEXT_ITEM_LOVE,[Noun],Love,Amour,Amor,Liebe,Amore,Amor,Amor,Любовь,Αγάπη,Aşk,Kærlighed,Kjærlighet,Kärlek,Liefde,Miłość,Rakkaus,愛,爱,愛,사랑,Láska,Szerelem,Iubire,ความรัก,Любов,אהבה,,,
CONTEXT_ITEM_MACHINE_ITEM_GUN,"Generic - Not ""uzi"" or ""ak-47"" etc",Machine Gun,Mitraillette,Ametralladora,Maschinengewehr,Mitragliatrice,Metralhadora,Metralhadora,Пулемёт,Πολυβόλο,Makineli Tüfek,Maskinpistol,Maskinpistol,Maskingevär,Machinegeweer,Karabin Maszynowy,Konekivääri,マシンガン,机关枪,機關槍,기관총,Kulomet,Géppuska,Mitralieră,ปืนกลหนัก,Картечница,מקלע,,,
CONTEXT_ITEM_MAGIC,[Noun],Magic,Magie,Magia,Magie,Magia,Magia,Magia,Магия,Μαγία,Büyü,Magi,Magi,Magi,Magie,Magia,Taikuus,魔法,魔法,魔法,마법,Magie,Varázslat,Magie,เวทมนต์,Магия,קסמים,,,
CONTEXT_ITEM_PISTOL,,Pistol,Pistolet,Pistola,Pistole,Pistola,Pistola,Pistola,Пистолет,Πιστόλι,Tabanca,Pistol,Pistol,Pistol,Pistool,Pistolet,Pistooli,ピストル,手枪,手槍,권총,Pistol,Pisztoly,Pistol,ปืนพก,Пистолет,אקדח,,,
CONTEXT_ITEM_QUEST_NOUN,[Noun] The pursuit of something,Quest,Quête,Misión,Auftrag,Cerca,Missão,Demanda,Задание,Αποστολή,Görev,Søgen,Oppdrag,Uppdrag,Queeste,Wyprawa,Tehtävä,クエスト,探索,追尋,퀘스트,Úkol,Küldetés,Căutare,เควส,Задача,משימה,,,
CONTEXT_ITEM_RANK_NOUN,[Noun] Military Rank,Rank,Rang,Rango,Platz,Grado,Patente,Categoria,Ранг,Βαθμός,Sıra,Rang,Rang,Rank,Rang,Ranga,Arvo,ランク,行列,軍階,계급,Hodnost,Rang,Rang,อันดับ,Ранг,דרגה,,,
CONTEXT_ITEM_RIFLE,Generic name for long-barelled gun,Rifle,Fusil,Rifle,Gewehr,Fucile,Rifle,Espingarda,Винтовка,Τουφέκι,Tüfek,Riffel,Rifle,Gevär,Karabijn,Karabin,Kivääri,ライフル,步枪,步槍,소총,Puška,Puska,Pușcă,ปืนไรเฟิล,Пушка,רובה,,,
CONTEXT_ITEM_ROCKET_ITEM_LAUNCHER,,Rocket Launcher,Lance-roquette,Lanzacohetes,Raketenwerfer,Lanciarazzi,Lança-Foguetes,Lança-rockets,Ракетница,Εκτοξευτής Ρουκετών,Roketatar,Raketkaster,Rakettkaster,Raketgevär,Scherpschuttersgeweer,Wyrzutnia Rakiet,Raketinheitin,ロケットランチャー,火箭炮,火箭炮,로켓 런처,Raketomet,Rakétavető,Lansator de rachete,ปืนยิงจรวด,Базука,משגר-טילים,,,
CONTEXT_ITEM_RPG,"A more modern/realistic name for ""Rocket launcher"". Might be the same as ""rocket launcher"" in some languages",RPG,LRAC,Lanzagranadas,Raketenwerfer,RPG,RPG,RPG,РПГ,RPG,Roketatar,RPG,RPG,RPG,Raketwerper,RPG,Sinko,RPG,RPG,RPG,RPG,RPG,RPG,AG,ปืนอาร์พีจี,РПГ,RPG,,,
CONTEXT_ITEM_SCROLL,Readable/magic scroll,Scroll,Parchemin,Pergamino,Schriftrolle,Pergamena,Pergaminho,Pergaminho,Свиток,Περγαμηνή,Parşömen,Skriftrulle,Skriftsrull,Skrift,Boekrol,Zwój,Käärö,巻物,卷,卷,두루마리,Svitek,Tekercs,Pergament,คัมภีร์,Свитък,מגילה,,,
CONTEXT_ITEM_SHIELD,Medieval shield,Shield,Bouclier,Escudo,Schild,Scudo,Escudo,Escudo,Щит,Ασπίδα,Kalkan,Skjold,Skjold,Sköld,Schild,Tarcza,Kilpi,盾,盾,盾,방패,Štít,Pajzs,Scut,โล่,Щит,מגן,,,الدرع
CONTEXT_ITEM_SHIELD_PLURAL,,Shields,Boucliers,Escudos,Schilder,Scudi,Escudos,Escudos,Щиты,Ασπίδες,Kalkanlar,Skjolde,Skjold,Sköldar,Schilden,Tarcze,Kilvet,盾,盾,盾,방패,Štíty,Pajzsok,Scuturi,โล่,Щитове,מגנים,,,الدروع
CONTEXT_ITEM_SHIELD_SCIFI,Sci-fi energy shield [spaceship],Energy shield,Bouclier,Escudo de energía,Schutzschild,Scudo,Escudo de energia,Escudo de energia,Энергетический щит,Ασπίδα,Enerji Kalkanı,Energiskjold,Energiskjold,kraftfält,Energieschild,Pole siłowe,Energiakilpi,エネルギーシールド,能量罩,能量罩,에너지 방어막,Energetický štít,Energiapajzs,Scut de energie,ม่านพลัง,Щит,מגן אנרגיה,,,الدرع
CONTEXT_ITEM_SHIELD_SCIFI_PLURAL,Sci-fi energy shield [spaceship],Energy shields,Boucliers,Escudos de energía,Schutzschilde,Scudi,Escudos de energia,Escudos de energia,Энергетичкеские щиты,Ασπίδες,Enerji Kalkanları,Energiskjolde,Energiskjold,kraftfält,Energieschilden,Pola siłowe,Energiakilvet,エネルギーシールド,能量罩,能量罩,에너지 방어막,Energetické štíty,Energiapajzsok,Scuturi de energie,ม่านพลัง,Щитове,מגיני אנרגיה,,,الدروع
CONTEXT_ITEM_SHOTGUN,,Shotgun,Fusil à pompe,Escopeta,Schrotflinte,Fucile a pompa,Espingarda,Caçadeira,Дробовик,Καραμπίνα,Av Tüfeği,Haglgevær,Hagle,Hagelgevär,Shotgun,Strzelba,Haulikko,ショットガン,散弹枪,散彈槍,산탄총,Brokovnice,Sörétes puska,Pușcă de apropiere,ปืนลูกซอง,Пушка,רובה-ציד,,,
CONTEXT_ITEM_SNIPER_ITEM_RIFLE,Rifle with a scope,Sniper rifle,Fusil de sniper,Rifle francotirador,Scharfschützengewehr,Fucile da cecchino,Rifle furtivo,Espingarda de atirador furtivo,Снайперская винтовка,Τουφέκι ελεύθερου σκοπευτή,Dürbünlü Tüfek,Snigskytteriffel,Skarpskytterrifle,Prickskyttegevär,Sniper,Karabin Snajperski,Tarkkuuskivääri,スナイパーライフル,狙击步枪,狙擊步槍,저격총,Odstřelovací puška,Mesterlövész puska,Pușcă cu lunetă,ปืนซุ่มยิง,Снайпер,רובה-צלפים,,,
CONTEXT_ITEM_SPELL,,Spell,Sort,Hechizo,Zauberspruch,Magia,Feitiço,Feitiço,Заклинание,Ξόρκι,Büyü,Trylleformular,Trylleformular,Trollformel,Spreuk,Zaklęcie,Taika,呪文,咒语,咒語,주문,Kouzlo,Varázslat,Vrajă,คาถา,Магия,קסם,,,
CONTEXT_ITEM_STAFF,Large magical walking stick,Staff,Bâton,Bastón,Gehstock,Staffa,Cajado,Bastão,Посох,Ραβδί,Baston,Stav,Stav,Stav,Staf,Laska,Sauva,杖,杖,杖,봉,Hůl,Bot,Toiag,ไม้เท้า,Жезъл,מקל,,,
CONTEXT_ITEM_SWORD,Classic medieval sword,Sword,Épée,Espada,Schwert,Spada,Espada,Espada,Меч,Σπαθί,Kılıç,Sværd,Sverd,Svärd,Zwaard,Miecz,Miekka,剣,剑,劍,검,Meč,Kard,Sabie,ดาบ,Меч,חרב,,,
CONTEXT_ITEM_TREASURE,[Noun],Treasure,Trésor,Tesoro,Schatz,Tesoro,Tesouro,Tesouro,Сокровище,Θησαυτός,Hazine,Skat,Skatt,Skatt,Schat,Skarb,Aarre,財宝,财宝,財寶,보물,Poklad,Kincs,Comoară,ขุมทรัพย์,Съкровище,אוצר,,,
CONTEXT_ITEM_TYPE_EPIC,[Default male] usage : [item] : [type],Epic,Épique,Épico,Epischer,Epico,Épico,Épico,Эпичный,Επικ*,Epik,Episk,Episk,Epsik,Episch,Epicki,Eeppinen,壮麗な,史诗的,特級的,뛰어난,Epický,Epikus,Epic,มหากาพย์,От легендите,שובר-עולמות,,,
CONTEXT_ITEM_TYPE_JUNK,[Default male] usage : [item] : [type],Junk,Bazar,Basura,Schrott,Spazzatura,Lixo,Lixo,Мусорный,Άχρηστο αντικείμενο,Çöp,Skrot,Skrot,Skräp,Troep,Śmieć,Romu,がらくたの,废物的,沒用的,저질,Haraburdí,Szemét,Gunoi,ขยะ,За боклука,זבל,,,
CONTEXT_ITEM_WAND,Used by wizards - different from Staff,Wand,Baguette,Varita,Zauberstab,Bacchetta,Varinha,Varinha,Жезл,Ραβδί,Asa,Tryllestav,Tryllestav,Trollstav,Staf,Różdżka,Sauva,魔法の杖,权杖,魔杖,마법 지팡이,Hůlka,Pálca,Baghetă,ไม้เท้า,Палка,שרביט,,,
CONTEXT_ITEM_WOOD,,Wood,Bois,Madera,Holz,Legno,Madeira,Madeira,Дерево,Ξύλο,Tahta,Træ,Tre,Trä,Hout,Drewno,Puu,木,木,木,목재,Dřevo,Fa,Lemn,ไม้,Дърво,עץ,,,
CONTEXT_MACHINE_ALTITUDE,,Altitude,Altitude,Altitud,Höhe,Altitudine,Altitude,Altitude,Высота,Υψόμετρο,Yükseklik,Højde,Høyde,Altitud,Hoogte,Wysokość,Korkeus,高度,高度,高度,고도,Nadmořská výška,Magasság,Altitudine,ระดับความสูง,Височина,גובה,,,
CONTEXT_MACHINE_BRAKES,,Brakes,Freins,Frenos,Bremsen,Freni,Freios,Travões,Тормоза,Φρένα,Fren,Bremser,Bremser,Broms,Remmen,Hamulce,Jarrut,ブレーキ,煞车闸,煞車閘,브레이크,Brzdy,Fék,Frâne,เบรก,Спирачки,בלמים,,,
CONTEXT_MACHINE_CHASSIS,,Chassis,Chassis,Chasis,Chassis,Telaio,Chassi,Chassis,Шасси,Αμάξωμα,Şasi,Chassis,Chassi,Chassi,Chassis,Podwozie,Runko,シャシ,马车,馬車,섀시,Podvozek,Karosszéria,Șasiu,เพลา,Шаси,שדרה,,,
CONTEXT_MACHINE_DEPTH,For example how deep a submarine is,Depth,Profondeur,Profundidad,Tiefe,Profondità,Profundidade,Profundidade,Глубина,Βάθος,Derinlik,Dybde,Dybde,Djup,Diepte,Głębokość,Syvyys,深度,深度,深度,깊이,Hloubka,Mélység,Adâncime,ความลึก,Дълбочина,עומק,,,
CONTEXT_MACHINE_FUEL,,Fuel,Carburant,Combustible,Kraftstoff,Carburante,Combustível,Combustível,Топливо,Κάυσιμο,Yakıt,Brændstof,Drivstoff,Bränsle,Brandstof,Paliwo,Polttoaine,燃料,燃料,燃料,연료,Palivo,Üzemanyag,Combustibil,เชื้อเพลิง,Гориво,דלק,,,
CONTEXT_MACHINE_GEAR,Transmission gear,Gear,Transmission,Caja de cambios,Gang,Marcia,Marcha,Mudança,Передача,Ταχύτητα,Dişli,Gear,Gir,Växel,Versnelling,Zębatka,Vaihde,ギア,齿轮,檔,변속기,Ozubené kolo,Váltó,Transmisie,เกียร์,Предавка,הילוך,,,
CONTEXT_MACHINE_HANDLING,Vehicle cornering swerving performance,Handling,Tenue de route,Manejo,Handling,Tenuta,Manejo,Manejo,Манёвренность,Κράτημα,Yol Tutuşu,Manøvredygtighed,Manøvrerbarhet,Styrning,Handeling,Zwrotność,Hallinta,ハンドリング,操纵,操縱,핸들링,Zacházení,Kezelhetőség,Control,ควบคุม,Маневреност,היגוי,,,
CONTEXT_MACHINE_SPEED,,Speed,Vitesse,Velocidad,Geschwindigkeit,Velocità,Velocidade,Velocidade,Скорость,Ταχύτητα,Hız,Fart,Fart,Fart,Snelheid,Prędkość,Vauhti,速度,速度,速度,속도,Rychlost,Sebesség,Viteză,ความเร็ว,Скорост,מהירות,,,
CONTEXT_MACHINE_STEERING,Steering wheel responsiveness,Steering,Volant,Volante,Lenkung,Sterzo,Condução,Guiar,Отзывчивость руля,Στρίψημο,Direksiyon Hakimiyeti,Styring,Styring,Styrning,Sturing,Sterowanie,Ohjaus,ステアリング,转向,轉向,핸들 반응,Řízení,Kormányzás,Volan,พวงมาลัย,Завиване,היגוי,,,
CONTEXT_MACHINE_SUSPENSION,,Suspension,Suspension,Suspensión,Übersetzung,Sospensione,Suspensão,Suspensão,Подвеска,Ανάρτηση,Süspansiyon,Affjedring,Hjuloppheng,Fjädring,Koppeling,Zawieszenie,Jousitus,サスペンション,悬挂,懸挂,현가장치,Zavěšení,Felfüggesztés,Suspensie,ห้ามใช้งาน,Окачване,מתלים,,,
CONTEXT_MACHINE_WHEELS,Generic for any machine car plane etc,Wheels,Roues,Ruedas,Räder,Ruote,Rodas,Pneus,Колёса,Ρόδες,Tekerler,Hjul,Hjul,Hjul,Wielen,Koła,Pyörät,乗り物,轮子,輪,바퀴,Kola,Kerék,Roți,ล้อ,Колела,גלגלים,,,
CONTEXT_MACHINE_WINGS,,Wings,Ailes,Alas,Flügel,Ali,Asas,Asas,Крылья,Φτερά,Kanatlar,Vinger,Vinger,Vingar,Vleugels,Skrzydła,Siivet,ウィング,机翼,翼,날개,Křídla,Szárnyak,Aripi,ปีก,Крила,כנפיים,,,
CONTEXT_MEDAL,,Medal,Médaille,Medalla,Medallie,Medaglia,Medalha,Medalha,Медаль,Μετάλλιο,Madalya,Medalje,Medalje,Medalj,Medaille,Medal,Mitali,メダル,徽章,徽章,메달,Medaile,Érem,Medalie,เหรียญรางวัล,Медал,מדליה,,,
CONTEXT_MEDAL_BRONZE,,Bronze medal,Médaille de bronze,Medalla de bronce,Bronzemedallie,Medaglia di bronzo,Medalha de Bronze,Medalha de Bronze,Бронзовая медаль,Χάλκινο μετάλλιο,Bronz madalya,Bronzemedalje,Bronzemedalje,Bronsmedalj,Bronzen medaille,Brązowy medal,Pronssimitali,ブロンズメダル,铜徽章,銅徽章,동메달,Bronzová medaile,Bronzérem,Medalie de bronz,เหรียญทองแดง,Бронзов медал,מדליית ארד,,,
CONTEXT_MEDAL_GOLD,,Gold medal,Médaille d'or,Medalla de oro,Goldmedallie,Medaglia d'oro,Medalha de Ouro,Medalha de Ouro,Золотая медаль,Χρυσό μετάλλιο,Altın madalya,Guldmedalje,Guldmedalje,Guldmedalj,Gouden medaille,Złoty medal,Kultamitali,ゴールドメダル,金徽章,金徽章,금메달,Zlatá medaile,Ezüstérem,Medalie de aur,เหรียญทอง,Златен медал,מדליית זהב,,,
CONTEXT_MEDAL_SILVER,,Silver medal,Médaille d'argent,Medalla de plata,Silbermedallie,Medaglia d'argento,Medalha de Prata,Medalha de Prata,Серебряная медаль,Αργυρό μετάλλιο,Hümüş madalya,Sølvmedalje,Sølvmedalje,Silvermedalj,Zilveren medaille,Srebrny medal,Hopeamitali,シルバーメダル,银徽章,銀徽章,은메달,Stříbrná medaile,Aranyérem,Medalie de argint,เหรียญเงิน,Сребърен медал,מדליית כסף,,,
CONTEXT_METAL_BRONZE,,Bronze,Bronze,Bronce,Bronze,Bronzo,Bronze,Bronze,Бронза,Χαλκός,Bronz,Bronze,Bronze,Brons,Brons,Brąz,Pronssi,銅,銅,青铜,동,Bronz,Bronz,Bronz,ทองแดง,Бронз,ארד,,,
CONTEXT_METAL_COIN,,Coin,Pièce,Moneda,Münze,Moneta,Moeda,Moeda,Монета,Κέρμα,Para,Mønt,Mynt,Mynt,Munt,Moneta,Kolikko,硬貨,硬币,硬幣,동전,Mince,Érme,Monedă,เหรียญ,Монета,מטבע,,,
CONTEXT_METAL_GOLD,,Gold,Or,Oro,Gold,Oro,Ouro,Ouro,Золото,Χρυσός,Altın,Guld,Guld,Guld,Goud,Złoto,Kulta,金,金,金,금,Zlato,Arany,Aur,ทอง,Злато,זהב,,,
CONTEXT_METAL_INGOT,Cast shape of solid metal in bank vaults,Ingot,Lingot,Lingote,Barren,Lingotto,Barra,Lingote,Слиток,Πλίνθωμα,Külçe,Metalbarre,Barre,Tacka,Staaf,Sztabka,Harkko,延べ棒,铁块,金屬塊,주괴,Ingot,Tömb,Lingou,ก้อนโลหะ,Кюлче,מטיל,,,
CONTEXT_METAL_PLATINUM,,Platinum,Platine,Platino,Platin,Platino,Platina,Platina,Платина,Πλατίνα,Platin,Platin,Platina,Platina,Platinum,Platyna,Platina,白金,白金,白金,백금,Platina,Platina,Platină,แพลททินัม,Платина,פלטינה,,,
CONTEXT_METAL_SILVER,,Silver,Argent,Plata,Silber,Argento,Prata,Prata,Серебро,Ασήμι,Gümüş,Sølv,Sølv,Silver,Zilver,Srebro,Hopea,銀,銀,銀,은,Stříbro,Ezüst,Argint,เงิน,Сребро,כסף,,,
CONTEXT_PLACE_CASTLE,,Castle,Château,Castillo,Schloss,Castello,Castelo,Castelo,Замок,Κάστρο,Kale,Slot,Slott,Slott,Kasteel,Zamek,Linna,城,城,城堡,성,Hrad,Kastély,Castel,ปราสาท,Замък,טירה,,,
CONTEXT_PLACE_CAVE,,Cave,Caverne,Cueva,Höhle,Caverna,Gruta,Gruta,Пещера,Σπηλιά,Mağara,Grotte,Grotte,Grotta,Grot,Jaskinia,Luola,洞窟,洞穴,洞穴,동굴,Jeskyně,Barlang,Peșteră,ถ้ำ,Пещера,מערה,,,
CONTEXT_PLACE_DUNGEON,Underground prison,Dungeon,Donjon,Calabozo,Kerker,Segreta,Masmorra,Masmorra,Подземелье,Μπουντρούμι,Zindan,Fangekælder,Fangehull,Fängelsehåla,Kerker,Loch,Vankityrmä,ダンジョン,地下城,地下城,던전,Dungeon,Tömlöc,Temniță,ดันเจียน,Тъмница,מבוך,,,
CONTEXT_PLACE_INN,Hosted stay building for travellers,Inn,Auberge,Posada,Herberge,Locanda,Albergue,Albergue,Постоялый двор,Ταβέρνα,Han,Værtshus,Vertshus,Värdshus,Herberg,Zajazd,Majatalo,宿,客栈,客棧,여관,Hospoda,Fogadó,Han,โรงเตี๊ยม,Страноприемница,פונדק,,,
CONTEXT_PLACE_PLANET,,Planet,Planète,Planeta,Planet,Pianeta,Planeta,Planeta,Планета,Πλανήτης,Gezegen,Planet,Planet,Planet,Planeet,Planeta,Planeetta,惑星,行星,行星,행성,Planeta,Bolygó,Planetă,ดาวเคราะห์,Планета,כוכב-לכת,,,
CONTEXT_PLACE_PLANET_EARTH,,Earth,Planète Terre,Tierra,Erde,Terra,Terra,Terra,Земля,Γη,Dünya,Jorden,Jorden,Jorden,Aarde,Ziemia,Maa,地球,地球,地球,지구,Země,Föld,Pământ,โลก,Земя,כדור-הארץ,,,
CONTEXT_PLACE_SPACE,Interstellar space not volumetric space,Space,Espace,Espacio,Raum,Spazio,Espaço,Espaço,Космос,Διάστημα,Uzay,Rum,Rom,Rymd,Ruimte,Kosmos,Avaruus,宇宙,宇宙,太空,우주,Vesmír,Űr,Spațiu,อวกาศ,Космос,חלל,,,
CONTEXT_PLACE_SPACESHIP,,Spaceship,Vaisseau spatial,Nave espacial,Raumschiff,Nave spaziale,Nave espacial,Nave espacial,Космический корабль,Διαστημόπλοιο,Uzay Gemisi,Rumskib,Romskip,Rymdskepp,Ruimteschip,Statek kosmiczny,Avaruusalus,宇宙船,宇宙飞船,太空船,우주선,Vesmírná loď,Űrhajó,Navetă spațială,ยานอวกาศ,Космически кораб,חללית,,,
CONTEXT_STORY,,Story,Histoire,Historia,Geschichte,Storia,História,História,История,Ιστορία,Hikaye,Historie,Historie,Historia,Verhaal,Historia,Tarina,ストーリー,故事,故事,이야기,Příběh,Történet,Poveste,เนื้อเรื่อง,История,סיפור,,,
CONTEXT_STORY_ADVENTURE,,Adventure,Aventure,Aventura,Abenteuer,Avventura,Aventura,Aventura,Приключение,Περιπέτεια,Macera,Eventyr,Eventyr,Äventyr,Avondtuur,Przygoda,Seikkailu,アドベンチャー,冒险,冒險,모험,Dobrodružství,Kaland,Aventură,การผจญภัย,Приключение,הרפתקאה,,,
CONTEXT_STORY_CHAPTER,,Chapter,Chapitre,Capítulo,Kapitel,Capitolo,Capítulo,Capítulo,Глава,Κεφάλαιο,Bölüm,Kapitel,Kapitel,Kapitel,Hoofdstuk,Rozdział,Luku,チャプター,章,章,챕터,Kapitola,Fejezet,Capitol,บทที่,Глава,פרק,,,
CONTEXT_STORY_PAGE,,Page,Page,Página,Seite,Pagina,Página,Página,Страница,Σελίδα,Sayfa,Side,Side,Sida,Pagina,Strona,Sivu,ページ,页,頁,페이지,Stránka,Oldal,Pagină,หน้า,Страница,עמוד,,,
END,,,,,,,,,,,,,,,,,,,,,,,,,,,,,,
,,,,,,,,,,,,,,,,,,,,,,,,,,,,,,
,,,,,,,,,,,,,,,,,,,,,,,,,,,,,,
,,,,,,,,,,,,,,,,,,,,,,,,,,,,,,
-- GENERAL COMMENTS --,For comments concerning the language columns,,,,,,,,,,,,,,,,,,,,,,,,,,,,,
,,,,,,,,,,,,,,,,,,,,,,,,,,,Not supported by Steam,Not supported by Steam,Not supported by Steam,Not supported by Steam
ADDITIONS,"As these string reach full ( Steamlist ) completion, they can be added to the Master above",,,,,,,,,,,,,,,,,,,,,,,,,,,,,
,,,,,,,,,,,,,,,,,,,,,,,,,,,,,,
CONTECT_MACHINE_PLANE_FUSELAGE,,Fuselage,Fuselage,Fuselaje,Flugzeugrumpf,,Fuselagem,,Фюзеляж,,,Skrog,,,,,Kori,機体,,,동체,,Géptörzs,,,Фюзелаж,גוף המטוס,,,
CONTEXT_CONDITION_PRONE,[Adjective] To be lying down on ground,Prone,Se coucher,Tumbarse,Hinlegen,Prono,De bruços,,Лежать,Μπρούμυτα,Sürün,Liggende,Liggende,Liggandes,Liggend,Kładź się,Makaa,伏せる,易于,易於,포복,Lehnout,Hasal,Culcă-te,นอน,Легнал,שוכב,,,
CONTEXT_GAMBLING_LOSER,Loser of a gambling game,Loser,Perdant,Perdedor,Verlierer,,Perdedor,,Проигравший,Χαμένος,Kaybeden,Taber,Taper,Förlorare,,,Häviäjä,敗者,,,패자,,Vesztes,,,Губещ,מפסיד,,,
CONTEXT_GAMBLING_WINNER,Winner of a gambling game,Winner,Vainqueur,Ganador,Gewinner,,Ganhador,,Победитель,Νικητής,Kazanan,Vinder,Vinner,Vinnare,,,Voittaja,勝者,,,승자,,Nyertes,,,Победител,מנצח,,,
CONTEXT_ITEM_DECK,Deck of cards,Deck,Paquet,Mazo,Kartenstapel,,Baralho,,Колода,Τράπουλα,Deste,Dæk,Korstokk,Kortlek,,,Korttipakka,デッキ,,,카드 뭉치,,Pakli,,,Тесте,חפיסה,,,
CONTEXT_ITEM_DECK_PLURAL,Decks of cards,Decks,Paquets,Barajas,Kartenstapel,,Baralhos,,Колоды,Τράπουλες,Deste,Dæk,Korstokk,Kortlekar,,,Korttipakat,デッキ,,,카드 뭉치,,Paklik,,,Тестета,חפיסות,,,
CONTEXT_ITEM_MASK,[Noun] Item worn on face,Mask,Masque,Máscara,Maske,Maschera,Máscara,Máscara,Маска,Μάσκα,Maske,Maske,Maske,Ansiktsmask,Masker,Maska,Naamio,仮面,面具,面具,탈,Maska,Maszk,,หน้ากาก,Маска,מסיכה,Topeng,Topeng,قناع
CONTEXT_MACHINE_CAR_CHASSIS,https://en.wikipedia.org/wiki/Chassis,Chassis,Châssis,Chasis,Chassis,,Chassi,,Шасси,Σασί,Şasi,Chassis,Chassi,Chassi,,,Runko,シャシ,,,섀새,,Alváz,,,Шаси,שלדה,,,
CONTEXT_MACHINE_CAR_BODY,,Body,Carrosserie,Fuselaje,Karosserie,,Carroceria,Carroçaria,Кузов,Σώμα,,Karosseri,Karosseri,,,,Kori,機体,,,차체,,Törzs,,,Купе,גוף המכונית,,,
CONTEXT_MACHINE_HULL,,Hull,Coque,Casco,Verkleidung,,Casco,,Шасси,Κέλυφος,Gövde,Skrog,Skrog,Skrov,,,Runko,船体,,,선체,,Burkolat,,,Корпус,גוף,,,
CONTEXT_MACHINE_PLANE_CHASSIS,,Chassis,Train d'atterissage,Chasis,Flugzeugchassis,,Chassi,,Шасси,Πλαίσιο,Şasi,Chassis,Chassi,,,,Runko,シャシ,,,섀새,,Törzs,,,Шаси,שלדה,,,
CONTEXT_MACHINE_PLANE_LANDINGGEAR,Wheels or pontoons of a plane,Landing gear,Train d'atterissage,Ruedas de aterrizaje,Fahrwerk,,Trem de pouso,,Шасси,Ρόδες προσγείωσης,,Landingsstel,Understell,,,,,ランディングギア,,,랜딩 기어,,Futómű,,,Колесници,אמצעי-נחיתה,,,
CONTEXT_MACHINE_STEERING_WHEEL,Steering wheel of a car,Steering wheel,Volant,Volante,Lenkrad,,Volante,,Руль,Τιμόνι,Direksiyon,Rat,Ratt,Ratt,,,Ratti,ハンドル,,,핸들,,Kormány,,,Волан,הגה,,,
CONTEXT_MACHINE_TILLER,Steering rod on a ship,Tiller,Barre,Timón,Pinne,,Timão,,Штурвал,Χειριστήριο,Dümen,Rorpind,Ror,Roder,,,Ruori,舵,,,키,,Kormányrúd,,,Щурвал,הגה,,,
CONTEXT_MACHINE_TIRE_NOUN,[Noun] Rubber wheel,Tire,Pneu,Neumático,Reifen,,Pneu,,Шина,Λάστιχο,Lastik,Dæk,Dekk,Däck,,,Rengas,タイヤ,,,타이어,,Gumi,,,Гума,צמיג,,,
CONTEXT_MACHINE_TIRE_PLURAL,[Noun] Rubber wheels,Tires,Pneux,Neumáticos,Reifen,,Pneus,,Шины,Λάστιχα,Lastikler,Dæk,Dekk,Däck,,,Renkaat,タイヤ,,,타이어,,Gumik,,,Гуми,צמיגים,,,
CONTEXT_MACHINE_YOKE,Steering wheel of a plane,Yoke,Manche,Horquilla,Steuer,,Manche,,Штурвал,Χειριστήριο,Dümen,,Stick,,,,Ohjaussauva,ヨーク,,,조종간,,Szarvkormány,,,Лост,הגה,,,
CONTEXT_OBJECTIVE_FINAL_LAP,Final lap of lap race,Final lap,Dernier tour,Vuelta final,Letzte Runde,,Última volta,,Посл. круг,Τελευταίος γύρος,Son tur,Sidste runde,Siste runde,Sista varvet,,,Viimeinen kierros,最終ラップ,,,마지막 랩,,Utolsó kör,,,Последна обиколка,הקפה אחרונה,,,
CONTEXT_PLACE_DECK_SHIP,Deck of a ship,Deck,Pont,Cubierta,Deck,,Convés,,Палуба,Κατάστρωμα,Güverte,Dæk,Dekk,Däck,,,Kansi,甲板,,,갑판,,Fedélzet,,,Палуба,סיפון,,,
CONTEXT_TIME_TODAY,,Today,Aujourd'hui,Hoy,Heute,Oggi,Hoje,Hoje,Сегодня,Σήμερα,Bugün,I dag,I dag,Idag,Vandaag,Dzisiaj,Tänään,今日,今天,今天,오늘,Dnes,Ma,Azi,วันนี้,Днес,היום,,,